AGS;Gemeinde;STT;STADTTEIL;STADTVIERTEL ;Stand_Einwohner;EINW_HW_GESAMT;EINW_HW_FRAUEN;EINW_HW_DEUTSCH;EINW_HW_AUSLAENDER;EINW_HW_unter18;EINW_HW_18_bis_unter_30;EINW_HW_30_bis_unter_40;EINW_HW_40_bis_unter_50;EINW_HW_50_bis_unter_60;EINW_HW_60_und_älter;Haushalte
08335043;Konstanz;010;Altstadt;0101;31.12.2016;1.297;661;1.046;251;125;433;220;174;143;202;863
08335043;Konstanz;010;Altstadt;0102;31.12.2016;1.690;831;1.371;319;233;409;286;214;209;339;1.049
08335043;Konstanz;010;Altstadt;0103;31.12.2016;2.896;1.495;2.556;340;436;606;447;364;399;644;1.686
08335043;Konstanz;010;Altstadt;0104;31.12.2016;2.121;1.170;1.938;183;307;413;276;288;310;527;1.273
08335043;Konstanz;010;Altstadt;0105;31.12.2016;1.316;703;1.198;118;196;331;236;168;181;204;778
08335043;Konstanz;010;Altstadt;0106;31.12.2016;1.178;589;988;190;92;372;218;132;140;224;812
08335043;Konstanz;010;Altstadt;0107;31.12.2016;1.452;759;1.208;244;154;381;245;168;149;355;971
08335043;Konstanz;020;Paradies;0201;31.12.2016;2.816;1.529;2.529;287;371;498;379;363;427;778;1.674
08335043;Konstanz;020;Paradies;0202;31.12.2016;1.592;899;1.407;185;189;276;227;201;202;497;1.004
08335043;Konstanz;020;Paradies;0203;31.12.2016;1.100;437;725;375;7;1.039;41;11;1;1;692
08335043;Konstanz;020;Paradies;0204;31.12.2016;608;320;585;23;105;104;53;99;114;133;320
08335043;Konstanz;030;Petershausen-West;0301;31.12.2016;972;509;763;209;143;254;145;123;111;196;600
08335043;Konstanz;030;Petershausen-West;0302;31.12.2016;1.712;863;1.223;489;286;473;254;178;208;313;873
08335043;Konstanz;030;Petershausen-West;0303;31.12.2016;5.952;3.068;4.861;1.091;781;1.956;998;666;645;906;3.403
08335043;Konstanz;030;Petershausen-West;0304;31.12.2016;3.215;1.605;2.455;760;310;1.131;451;327;374;622;2.071
08335043;Konstanz;030;Petershausen-West;0305;31.12.2016;1.702;895;1.472;230;249;384;187;209;275;398;954
08335043;Konstanz;030;Petershausen-West;0306;31.12.2016;1.999;1.052;1.729;270;214;663;272;205;259;386;1.193
08335043;Konstanz;035;Petershausen-Ost;0351;31.12.2016;2.073;1.134;1.668;405;283;550;274;217;250;499;1.197
08335043;Konstanz;035;Petershausen-Ost;0352;31.12.2016;1.362;772;1.255;107;191;205;150;149;174;493;753
08335043;Konstanz;035;Petershausen-Ost;0353;31.12.2016;1.246;660;1.135;111;166;202;141;141;204;392;731
08335043;Konstanz;035;Petershausen-Ost;0354;31.12.2016;1.122;645;1.045;77;132;67;71;116;111;625;618
08335043;Konstanz;035;Petershausen-Ost;0355;31.12.2016;1.353;696;1.267;86;211;268;119;188;189;378;725
08335043;Konstanz;040;Königsbau;0401;31.12.2016;1.134;593;1.019;115;129;319;98;128;162;298;663
08335043;Konstanz;040;Königsbau;0402;31.12.2016;1.609;869;1.256;353;383;265;209;220;232;300;752
08335043;Konstanz;040;Königsbau;0403;31.12.2016;2.494;1.254;1.884;610;307;1.253;251;168;167;348;1.320
08335043;Konstanz;040;Königsbau;0404;31.12.2016;909;477;814;95;147;197;104;110;132;219;478
08335043;Konstanz;505;Allmannsdorf;0501;31.12.2016;1.659;885;1.529;130;250;282;127;197;275;528;890
08335043;Konstanz;050;Allmannsdorf;0502;31.12.2016;1.357;734;1.208;149;197;307;156;173;181;343;755
08335043;Konstanz;050;Allmannsdorf;0503;31.12.2016;2.289;1.211;2.066;223;284;559;251;232;365;598;1.320
08335043;Konstanz;060;Staad;0601;31.12.2016;1.018;539;938;80;131;135;88;136;161;367;581
08335043;Konstanz;060;Staad;0602;31.12.2016;789;411;719;70;125;111;82;111;97;263;424
08335043;Konstanz;070;Fürstenberg;0701;31.12.2016;4.381;2.280;3.514;867;586;1.399;522;459;542;873;2.541
08335043;Konstanz;070;Fürstenberg;0702;31.12.2016;3.164;1.630;2.773;391;366;724;361;328;455;930;1.820
08335043;Konstanz;070;Fürstenberg;0703;31.12.2016;2.064;1.082;1.818;246;318;382;239;234;284;607;1.090
08335043;Konstanz;070;Fürstenberg;0704;31.12.2016;2.624;1.371;2.024;600;331;671;336;308;351;627;1.553
08335043;Konstanz;080;Wollmatingen;0801;31.12.2016;2.682;1.408;2.247;435;561;469;380;364;362;546;1.337
08335043;Konstanz;080;Wollmatingen;0802;31.12.2016;2.210;1.108;1.965;245;473;446;241;349;325;376;1.023
08335043;Konstanz;080;Wollmatingen;0803;31.12.2016;1.984;960;1.673;311;306;447;231;280;308;412;1.039
08335043;Konstanz;090;Industriegebiet;0901;31.12.2016;810;350;553;257;122;195;113;105;126;149;429
08335043;Konstanz;090;Industriegebiet;0902;31.12.2016;126;51;90;36;15;33;22;21;21;14;74
08335043;Konstanz;090;Industriegebiet;0903;31.12.2016;145;56;51;94;26;51;6;26;17;19;62
08335043;Konstanz;100;Egg;1001;31.12.2016;779;366;728;51;164;157;78;108;138;134;351
08335043;Konstanz;100;Egg;1002;31.12.2016;;;;;;;;;;;
08335043;Konstanz;110;Litzelstetten;1101;31.12.2016;1.737;894;1.593;144;262;273;165;232;258;547;901
08335043;Konstanz;110;Litzelstetten;1102;31.12.2016;2.062;1.070;1.865;197;243;344;194;248;351;682;1.160
08335043;Konstanz;110;Litzelstetten;1103;31.12.2016;42;16;10;32;2;8;12;9;6;5;26
08335043;Konstanz;120;Dingelsdorf;1201;31.12.2016;1.805;918;1.675;130;289;318;153;218;335;492;907
08335043;Konstanz;120;Dingelsdorf;1202;31.12.2016;332;158;279;53;48;48;37;41;63;95;163
08335043;Konstanz;130;Dettingen;1301;31.12.2016;1.608;804;1.350;258;337;206;212;200;205;448;729
08335043;Konstanz;130;Dettingen;1302;31.12.2016;1.740;914;1.622;118;271;251;175;230;293;520;869
08335043;Konstanz;140;Wallhausen;1401;31.12.2016;1.151;611;1.014;137;155;217;125;143;186;325;638
8335043;Konstanz;010;Altstadt;0101;31.12.2015;1.286;639;1.027;259;126;412;224;188;141;195;869
8335043;Konstanz;010;Altstadt;0102;31.12.2015;1.685;838;1.368;317;225;407;292;221;201;339;1.050
8335043;Konstanz;010;Altstadt;0103;31.12.2015;2.879;1.503;2.536;343;427;585;458;392;380;637;1.687
8335043;Konstanz;010;Altstadt;0104;31.12.2015;2.144;1.183;1.968;176;311;446;278;305;290;514;1.283
8335043;Konstanz;010;Altstadt;0105;31.12.2015;1.352;728;1.228;124;208;351;240;190;167;196;787
8335043;Konstanz;010;Altstadt;0106;31.12.2015;1.213;596;1.028;185;94;401;224;142;136;216;830
8335043;Konstanz;010;Altstadt;0107;31.12.2015;1.428;760;1.197;231;149;380;249;167;141;342;976
8335043;Konstanz;020;Paradies;0201;31.12.2015;2.803;1.547;2.526;277;369;476;388;410;386;774;1.669
8335043;Konstanz;020;Paradies;0202;31.12.2015;1.557;880;1.387;170;189;290;195;202;188;493;983
8335043;Konstanz;020;Paradies;0203;31.12.2015;1.155;462;737;418;37;1.034;56;19;6;3;710
8335043;Konstanz;020;Paradies;0204;31.12.2015;607;314;580;27;100;113;60;97;106;131;318
8335043;Konstanz;030;Petershausen-West;0301;31.12.2015;921;485;735;186;125;260;121;113;113;189;583
8335043;Konstanz;030;Petershausen-West;0302;31.12.2015;1.646;848;1.240;406;274;449;234;192;185;312;837
8335043;Konstanz;030;Petershausen-West;0303;31.12.2015;5.583;2.906;4.588;995;741;1.828;892;646;616;860;3.278
8335043;Konstanz;030;Petershausen-West;0304;31.12.2015;3.456;1.628;2.513;943;329;1.259;504;355;387;622;2.183
8335043;Konstanz;030;Petershausen-West;0305;31.12.2015;1.755;928;1.533;222;262;409;197;222;271;394;966
8335043;Konstanz;030;Petershausen-West;0306;31.12.2015;1.986;1.041;1.733;253;234;652;259;209;250;382;1.176
8335043;Konstanz;035;Petershausen-Ost;0351;31.12.2015;2.063;1.131;1.659;404;290;556;260;222;241;494;1.214
8335043;Konstanz;035;Petershausen-Ost;0352;31.12.2015;1.363;771;1.259;104;200;208;138;163;166;488;751
8335043;Konstanz;035;Petershausen-Ost;0353;31.12.2015;1.240;645;1.144;96;152;218;128;150;203;389;738
8335043;Konstanz;035;Petershausen-Ost;0354;31.12.2015;1.111;645;1.044;67;131;64;73;115;102;626;616
8335043;Konstanz;035;Petershausen-Ost;0355;31.12.2015;1.343;696;1.249;94;211;255;112;193;201;371;722
8335043;Konstanz;040;Königsbau;0401;31.12.2015;1.131;602;1.032;99;138;299;93;148;161;292;668
8335043;Konstanz;040;Königsbau;0402;31.12.2015;1.612;869;1.258;354;384;280;204;220;237;287;744
8335043;Konstanz;040;Königsbau;0403;31.12.2015;2.207;1.096;1.737;470;193;1.196;188;140;166;324;1.254
8335043;Konstanz;040;Königsbau;0404;31.12.2015;903;469;816;87;155;183;105;112;130;218;473
8335043;Konstanz;505;Allmannsdorf;0501;31.12.2015;1.677;895;1.545;132;264;281;137;201;268;526;885
8335043;Konstanz;050;Allmannsdorf;0502;31.12.2015;1.341;718;1.205;136;193;301;148;181;176;342;748
8335043;Konstanz;050;Allmannsdorf;0503;31.12.2015;2.297;1.205;2.045;252;284;587;227;257;361;581;1.353
8335043;Konstanz;060;Staad;0601;31.12.2015;1.018;540;943;75;126;138;83;141;153;377;583
8335043;Konstanz;060;Staad;0602;31.12.2015;779;405;709;70;121;97;89;120;96;256;425
8335043;Konstanz;070;Fürstenberg;0701;31.12.2015;4.175;2.190;3.378;797;576;1.214;521;475;531;858;2.388
8335043;Konstanz;070;Fürstenberg;0702;31.12.2015;3.163;1.624;2.820;343;382;692;371;351;448;919;1.812
8335043;Konstanz;070;Fürstenberg;0703;31.12.2015;2.077;1.087;1.815;262;310;403;232;239;273;620;1.098
8335043;Konstanz;070;Fürstenberg;0704;31.12.2015;2.607;1.367;2.055;552;347;674;341;289;335;621;1.536
8335043;Konstanz;080;Wollmatingen;0801;31.12.2015;2.643;1.399;2.234;409;569;432;370;364;354;554;1.294
8335043;Konstanz;080;Wollmatingen;0802;31.12.2015;2.191;1.108;1.930;261;485;426;258;358;303;361;1.013
8335043;Konstanz;080;Wollmatingen;0803;31.12.2015;1.849;961;1.662;187;314;345;204;300;278;408;958
8335043;Konstanz;090;Industriegebiet;0901;31.12.2015;821;353;561;260;122;172;122;144;119;142;439
8335043;Konstanz;090;Industriegebiet;0902;31.12.2015;136;59;102;34;20;36;26;17;23;14;76
8335043;Konstanz;090;Industriegebiet;0903;31.12.2015;67;23;53;14;1;14;5;14;16;17;45
8335043;Konstanz;100;Egg;1001;31.12.2015;757;368;709;48;168;130;85;123;119;132;332
8335043;Konstanz;100;Egg;1002;31.12.2015;;;;;;;;;;;
8335043;Konstanz;110;Litzelstetten;1101;31.12.2015;1.723;900;1.598;125;253;254;161;268;225;562;907
8335043;Konstanz;110;Litzelstetten;1102;31.12.2015;2.056;1.063;1.865;191;236;354;183;265;343;675;1.161
8335043;Konstanz;110;Litzelstetten;1103;31.12.2015;40;16;12;28;1;14;6;8;7;4;28
8335043;Konstanz;120;Dingelsdorf;1201;31.12.2015;1.808;930;1.686;122;301;303;174;232;318;480;901
8335043;Konstanz;120;Dingelsdorf;1202;31.12.2015;334;160;284;50;44;53;37;45;67;88;167
8335043;Konstanz;130;Dettingen;1301;31.12.2015;1.390;701;1.290;100;250;171;157;175;192;445;660
8335043;Konstanz;130;Dettingen;1302;31.12.2015;1.751;911;1.627;124;274;248;186;252;282;509;867
8335043;Konstanz;140;Wallhausen;1401;31.12.2015;1.161;625;1.036;125;147;233;122;149;193;317;633
8335043;Konstanz;010;Altstadt;0101;31.12.2014;1281;651;1.009;272;130;410;236;178;139;188;865
8335043;Konstanz;010;Altstadt;0102;31.12.2014;1707;842;1.385;322;228;410;293;244;201;331;1059
8335043;Konstanz;010;Altstadt;0103;31.12.2014;2859;1502;2.533;326;420;585;458;392;367;637;1685
8335043;Konstanz;010;Altstadt;0104;31.12.2014;2121;1198;1.958;163;307;433;286;318;263;514;1282
8335043;Konstanz;010;Altstadt;0105;31.12.2014;1318;708;1.197;121;192;360;226;193;151;196;796
8335043;Konstanz;010;Altstadt;0106;31.12.2014;1232;621;1.055;177;94;415;222;149;139;213;834
8335043;Konstanz;010;Altstadt;0107;31.12.2014;1429;741;1.205;224;148;390;242;174;138;337;986
8335043;Konstanz;020;Paradies;0201;31.12.2014;2784;1519;2.520;264;368;494;373;419;375;755;1660
8335043;Konstanz;020;Paradies;0202;31.12.2014;1552;884;1.379;173;196;290;190;199;179;498;972
8335043;Konstanz;020;Paradies;0203;31.12.2014;1079;423;716;363;9;999;52;12;4;3;699
8335043;Konstanz;020;Paradies;0204;31.12.2014;617;316;591;26;108;110;64;105;96;134;326
8335043;Konstanz;030;Petershausen-West;0301;31.12.2014;904;473;717;187;113;254;115;120;112;190;564
8335043;Konstanz;030;Petershausen-West;0302;31.12.2014;1658;860;1.223;435;281;452;227;213;181;304;849
8335043;Konstanz;030;Petershausen-West;0303;31.12.2014;5421;2830;4.508;913;744;1788;822;651;572;844;3175
8335043;Konstanz;030;Petershausen-West;0304;31.12.2014;3212;1580;2.529;683;310;1120;444;344;363;631;2055
8335043;Konstanz;030;Petershausen-West;0305;31.12.2014;1745;928;1.568;177;254;407;187;234;254;409;971
8335043;Konstanz;030;Petershausen-West;0306;31.12.2014;1951;1010;1.683;268;230;625;263;229;239;365;1135
8335043;Konstanz;035;Petershausen-Ost;0351;31.12.2014;2039;1110;1.688;351;285;566;243;218;244;483;1216
8335043;Konstanz;035;Petershausen-Ost;0352;31.12.2014;1366;782;1.278;88;203;203;133;167;178;482;748
8335043;Konstanz;035;Petershausen-Ost;0353;31.12.2014;1232;643;1.143;89;167;207;122;155;195;386;728
8335043;Konstanz;035;Petershausen-Ost;0354;31.12.2014;1101;646;1.043;58;130;59;68;118;95;631;602
8335043;Konstanz;035;Petershausen-Ost;0355;31.12.2014;1329;692;1.240;89;204;255;106;197;199;368;713
8335043;Konstanz;040;Koenigsbau;0401;31.12.2014;1125;612;1.019;106;133;303;91;143;156;299;675
8335043;Konstanz;040;Koenigsbau;0402;31.12.2014;1573;846;1.249;324;377;273;189;231;213;290;722
8335043;Konstanz;040;Koenigsbau;0403;31.12.2014;2156;1071;1.701;455;181;1183;163;131;162;336;1239
8335043;Konstanz;040;Koenigsbau;0404;31.12.2014;919;476;836;83;157;192;118;107;126;219;478
8335043;Konstanz;505;Allmannsdorf;0501;31.12.2014;1667;884;1.548;119;259;264;146;227;246;525;866
8335043;Konstanz;050;Allmannsdorf;0502;31.12.2014;1347;717;1.214;133;192;295;149;191;174;346;752
8335043;Konstanz;050;Allmannsdorf;0503;31.12.2014;2279;1204;2.050;229;285;571;220;278;349;576;1337
8335043;Konstanz;060;Staad;0601;31.12.2014;1039;555;958;81;127;150;95;152;138;377;591
8335043;Konstanz;060;Staad;0602;31.12.2014;774;411;705;69;112;112;84;114;88;264;423
8335043;Konstanz;070;Fuerstenberg;0701;31.12.2014;4026;2128;3.316;710;588;1092;483;486;532;845;2308
8335043;Konstanz;070;Fuerstenberg;0702;31.12.2014;3062;1565;2.749;313;369;668;343;353;430;899;1766
8335043;Konstanz;070;Fuerstenberg;0703;31.12.2014;2065;1098;1.831;234;312;379;237;225;281;631;1111
8335043;Konstanz;070;Fuerstenberg;0704;31.12.2014;2594;1340;2.072;522;328;697;324;287;339;619;1518
8335043;Konstanz;080;Wollmatingen;0801;31.12.2014;2644;1395;2.216;428;547;447;365;383;343;559;1303
8335043;Konstanz;080;Wollmatingen;0802;31.12.2014;2130;1077;1.890;240;478;390;257;380;270;355;989
8335043;Konstanz;080;Wollmatingen;0803;31.12.2014;1839;950;1.665;174;333;350;208;299;248;401;943
8335043;Konstanz;090;Industriegebiet;0901;31.12.2014;788;353;575;213;121;165;108;130;131;133;422
8335043;Konstanz;090;Industriegebiet;0902;31.12.2014;128;55;91;37;15;32;21;21;20;19;75
8335043;Konstanz;090;Industriegebiet;0903;31.12.2014;35;11;31;4;-;6;5;4;9;11;31
8335043;Konstanz;100;Egg;1001;31.12.2014;770;373;732;38;174;126;91;137;114;128;332
8335043;Konstanz;100;Egg;1002;31.12.2014;;;;;;;;;;;
8335043;Konstanz;110;Litzelstetten;1101;31.12.2014;1745;909;1.623;122;264;261;159;271;231;559;905
8335043;Konstanz;110;Litzelstetten;1102;31.12.2014;2082;1073;1.895;187;256;343;197;289;347;650;1157
8335043;Konstanz;110;Litzelstetten;1103;31.12.2014;43;17;11;32;3;12;11;7;7;3;26
8335043;Konstanz;120;Dingelsdorf;1201;31.12.2014;1792;925;1.680;112;292;298;161;256;313;472;894
8335043;Konstanz;120;Dingelsdorf;1202;31.12.2014;330;157;296;34;44;59;35;42;61;89;166
8335043;Konstanz;130;Dettingen;1301;31.12.2014;1397;713;1.310;87;237;193;151;176;202;438;665
8335043;Konstanz;130;Dettingen;1302;31.12.2014;1727;898;1.631;96;280;254;171;251;266;505;846
8335043;Konstanz;140;Wallhausen;1401;31.12.2014;1166;630;1.030;136;157;217;133;152;186;321;654
08335043;Konstanz;010;Altstadt;0101;31.12.2013;1.300;650;1.023;277;132;414;250;186;126;192;889
08335043;Konstanz;010;Altstadt;0102;31.12.2013;1.713;847;1.382;331;221;430;287;256;206;313;1.060
08335043;Konstanz;010;Altstadt;0103;31.12.2013;2.823;1.481;2.504;319;416;576;449;427;340;615;1.680
08335043;Konstanz;010;Altstadt;0104;31.12.2013;2.147;1.213;1.981;166;316;448;297;312;254;520;1.284
08335043;Konstanz;010;Altstadt;0105;31.12.2013;1.324;710;1.206;118;197;359;224;213;147;184;806
08335043;Konstanz;010;Altstadt;0106;31.12.2013;1.221;610;1.064;157;84;414;236;148;134;205;855
08335043;Konstanz;010;Altstadt;0107;31.12.2013;1.395;720;1.187;208;139;388;237;169;145;317;983
08335043;Konstanz;020;Paradies;0201;31.12.2013;2.798;1.518;2.539;259;394;489;370;439;349;757;1.667
08335043;Konstanz;020;Paradies;0202;31.12.2013;1.534;883;1.366;168;189;271;201;202;177;494;959
08335043;Konstanz;020;Paradies;0203;31.12.2013;1.060;442;677;383;8;1.006;37;6;1;2;678
08335043;Konstanz;020;Paradies;0204;31.12.2013;638;320;616;22;121;120;71;110;81;135;330
08335043;Konstanz;030;Petershausen-West;0301;31.12.2013;1.070;535;755;315;158;307;164;136;115;190;629
08335043;Konstanz;030;Petershausen-West;0302;31.12.2013;1.652;843;1.203;449;286;443;228;216;176;303;850
08335043;Konstanz;030;Petershausen-West;0303;31.12.2013;5.269;2.762;4.470;799;720;1.801;768;617;549;814;3.124
08335043;Konstanz;030;Petershausen-West;0304;31.12.2013;3.183;1.551;2.523;660;308;1.124;406;365;351;629;2.041
08335043;Konstanz;030;Petershausen-West;0305;31.12.2013;1.716;908;1.551;165;250;383;182;252;238;411;963
08335043;Konstanz;030;Petershausen-West;0306;31.12.2013;1.953;998;1.695;258;236;652;257;231;229;348;1.142
08335043;Konstanz;035;Petershausen-Ost;0351;31.12.2013;1.927;1.082;1.697;230;250;507;223;220;230;497;1.173
08335043;Konstanz;035;Petershausen-Ost;0352;31.12.2013;1.341;771;1.266;75;188;197;136;173;176;471;745
08335043;Konstanz;035;Petershausen-Ost;0353;31.12.2013;1.245;659;1.151;94;182;195;121;180;182;385;726
08335043;Konstanz;035;Petershausen-Ost;0354;31.12.2013;1.087;642;1.033;54;126;54;66;126;91;624;597
08335043;Konstanz;035;Petershausen-Ost;0355;31.12.2013;1.338;697;1.247;91;207;275;114;193;184;365;722
08335043;Konstanz;040;Königsbau;0401;31.12.2013;1.149;635;1.036;113;138;311;94;150;148;308;690
08335043;Konstanz;040;Königsbau;0402;31.12.2013;1.525;818;1.229;296;366;261;167;235;204;292;699
08335043;Konstanz;040;Königsbau;0403;31.12.2013;2.079;1.026;1.666;413;202;1.084;172;132;152;337;1.167
08335043;Konstanz;040;Königsbau;0404;31.12.2013;909;474;816;93;159;188;104;111;127;220;486
08335043;Konstanz;505;Allmannsdorf;0501;31.12.2013;1.662;897;1.566;96;269;256;151;236;221;529;865
08335043;Konstanz;050;Allmannsdorf;0502;31.12.2013;1.313;696;1.191;122;192;281;120;185;175;360;733
08335043;Konstanz;050;Allmannsdorf;0503;31.12.2013;2.266;1.190;2.046;220;285;567;207;306;321;580;1.313
08335043;Konstanz;060;Staad;0601;31.12.2013;1.015;532;941;74;127;135;98;153;126;376;576
08335043;Konstanz;060;Staad;0602;31.12.2013;775;406;717;58;109;115;94;113;91;253;419
08335043;Konstanz;070;Fürstenberg;0701;31.12.2013;4.034;2.139;3.329;705;591;1.108;453;535;501;846;2.331
08335043;Konstanz;070;Fürstenberg;0702;31.12.2013;3.023;1.542;2.731;292;338;688;326;368;411;892;1.765
08335043;Konstanz;070;Fürstenberg;0703;31.12.2013;2.038;1.087;1.831;207;314;377;216;248;275;608;1.098
08335043;Konstanz;070;Fürstenberg;0704;31.12.2013;2.591;1.353;2.082;509;331;689;320;296;331;624;1.518
08335043;Konstanz;080;Wollmatingen;0801;31.12.2013;2.629;1.383;2.223;406;527;467;345;408;329;553;1.295
08335043;Konstanz;080;Wollmatingen;0802;31.12.2013;2.089;1.062;1.844;245;473;352;256;405;241;362;968
08335043;Konstanz;080;Wollmatingen;0803;31.12.2013;1.843;962;1.669;174;329;346;217;323;222;406;949
08335043;Konstanz;090;Industriegebiet;0901;31.12.2013;790;369;589;201;122;183;102;135;113;135;426
08335043;Konstanz;090;Industriegebiet;0902;31.12.2013;131;58;95;36;18;36;18;21;23;15;79
08335043;Konstanz;090;Industriegebiet;0903;31.12.2013;39;12;36;3;3;6;3;7;7;13;31
08335043;Konstanz;100;Egg;1001;31.12.2013;736;358;706;30;156;127;80;133;115;125;327
08335043;Konstanz;100;Egg;1002;31.12.2013;;;;;;;;;;;
08335043;Konstanz;110;Litzelstetten;1101;31.12.2013;1.747;910;1.611;136;268;256;169;284;222;548;898
08335043;Konstanz;110;Litzelstetten;1102;31.12.2013;2.085;1.078;1.912;173;260;336;203;304;337;645;1.167
08335043;Konstanz;110;Litzelstetten;1103;31.12.2013;46;16;15;31;4;14;10;8;8;2;28
08335043;Konstanz;120;Dingelsdorf;1201;31.12.2013;1.799;929;1.700;99;284;328;149;265;304;469;895
08335043;Konstanz;120;Dingelsdorf;1202;31.12.2013;339;163;305;34;44;66;30;47;65;87;172
08335043;Konstanz;130;Dettingen;1301;31.12.2013;1.318;677;1.241;77;217;177;130;167;195;432;630
08335043;Konstanz;130;Dettingen;1302;31.12.2013;1.730;900;1.637;93;276;255;174;270;257;498;862
08335043;Konstanz;140;Wallhausen;1401;31.12.2013;1.123;606;1.003;120;156;193;126;150;176;322;642
08335043;Konstanz;010;Altstadt;0101;31.12.2012;1259;613;1.000;259;124;392;257;193;104;189;887
08335043;Konstanz;010;Altstadt;0102;31.12.2012;1700;840;1.387;313;213;435;286;250;207;309;1055
08335043;Konstanz;010;Altstadt;0103;31.12.2012;2850;1511;2.540;310;433;602;431;442;331;611;1721
08335043;Konstanz;010;Altstadt;0104;31.12.2012;2131;1202;1.968;163;314;428;297;311;261;520;1257
08335043;Konstanz;010;Altstadt;0105;31.12.2012;1303;698;1.174;129;185;355;225;204;146;188;814
08335043;Konstanz;010;Altstadt;0106;31.12.2012;1234;620;1.069;165;92;405;239;161;131;206;875
08335043;Konstanz;010;Altstadt;0107;31.12.2012;1417;754;1.213;204;143;387;237;195;145;310;1007
08335043;Konstanz;020;Paradies;0201;31.12.2012;2805;1526;2.554;251;393;489;365;461;337;760;1682
08335043;Konstanz;020;Paradies;0202;31.12.2012;1502;870;1.343;159;182;247;209;204;157;503;929
08335043;Konstanz;020;Paradies;0203;31.12.2012;892;380;581;311;4;852;26;8;1;1;603
08335043;Konstanz;020;Paradies;0204;31.12.2012;614;309;591;23;117;106;72;119;77;123;315
08335043;Konstanz;030;Petershausen-West;0301;31.12.2012;970;505;762;208;130;266;142;128;115;189;595
08335043;Konstanz;030;Petershausen-West;0302;31.12.2012;1693;851;1.232;461;308;446;235;224;171;309;848
08335043;Konstanz;030;Petershausen-West;0303;31.12.2012;5099;2648;4.300;799;679;1759;721;621;506;813;3086
08335043;Konstanz;030;Petershausen-West;0304;31.12.2012;2953;1464;2.334;619;291;974;379;349;336;624;1934
08335043;Konstanz;030;Petershausen-West;0305;31.12.2012;1705;913;1.560;145;248;393;174;258;222;410;962
08335043;Konstanz;030;Petershausen-West;0306;31.12.2012;1782;899;1.557;225;208;582;225;229;221;317;1062
08335043;Konstanz;035;Petershausen-Ost;0351;31.12.2012;1915;1111;1.704;211;252;485;208;228;220;522;1181
08335043;Konstanz;035;Petershausen-Ost;0352;31.12.2012;1298;729;1.222;76;186;213;130;184;173;412;721
08335043;Konstanz;035;Petershausen-Ost;0353;31.12.2012;1251;663;1.153;98;174;193;106;206;173;399;764
08335043;Konstanz;035;Petershausen-Ost;0354;31.12.2012;1091;654;1.037;54;124;56;74;130;87;620;625
08335043;Konstanz;035;Petershausen-Ost;0355;31.12.2012;1337;692;1.254;83;209;266;130;210;159;363;712
08335043;Konstanz;040;Königsbau;0401;31.12.2012;1155;635;1.057;98;137;332;92;147;137;310;692
08335043;Konstanz;040;Königsbau;0402;31.12.2012;1519;815;1.221;298;355;272;173;221;196;302;704
08335043;Konstanz;040;Königsbau;0403;31.12.2012;2008;957;1.586;422;199;1008;164;154;150;333;1130
08335043;Konstanz;040;Königsbau;0404;31.12.2012;887;460;803;84;153;171;110;119;116;218;470
08335043;Konstanz;505;Allmannsdorf;0501;31.12.2012;1660;890;1.561;99;266;260;136;252;200;546;884
08335043;Konstanz;050;Allmannsdorf;0502;31.12.2012;1360;719;1.238;122;213;281;125;198;183;360;754
08335043;Konstanz;050;Allmannsdorf;0503;31.12.2012;2207;1148;1.991;216;293;531;205;307;311;560;1314
08335043;Konstanz;060;Staad;0601;31.12.2012;996;537;938;58;120;121;100;158;119;378;595
08335043;Konstanz;060;Staad;0602;31.12.2012;765;399;720;45;105;110;93;116;93;248;418
08335043;Konstanz;070;Fürstenberg;0701;31.12.2012;4057;2151;3.375;682;606;1109;471;558;494;819;2300
08335043;Konstanz;070;Fürstenberg;0702;31.12.2012;2982;1514;2.719;263;341;658;301;392;392;898;1756
08335043;Konstanz;070;Fürstenberg;0703;31.12.2012;2046;1092;1.847;199;320;389;191;267;255;624;1114
08335043;Konstanz;070;Fürstenberg;0704;31.12.2012;2578;1331;2.074;504;333;672;306;314;323;630;1518
08335043;Konstanz;080;Wollmatingen;0801;31.12.2012;2599;1374;2.175;424;506;486;308;433;318;548;1269
08335043;Konstanz;080;Wollmatingen;0802;31.12.2012;1956;988;1.770;186;456;287;237;392;224;360;923
08335043;Konstanz;080;Wollmatingen;0803;31.12.2012;1802;945;1.640;162;323;330;213;316;223;397;932
08335043;Konstanz;090;Industriegebiet;0901;31.12.2012;748;354;563;185;130;164;95;130;101;128;386
08335043;Konstanz;090;Industriegebiet;0902;31.12.2012;121;55;93;28;16;27;18;24;20;16;73
08335043;Konstanz;090;Industriegebiet;0903;31.12.2012;46;16;41;5;5;7;5;5;11;13;32
08335043;Konstanz;100;Egg;1001;31.12.2012;731;353;707;24;149;135;86;133;106;122;333
08335043;Konstanz;100;Egg;1002;31.12.2012;;;;;;;;;;;
08335043;Konstanz;110;Litzelstetten;1101;31.12.2012;1716;888;1.602;114;262;246;155;287;219;547;927
08335043;Konstanz;110;Litzelstetten;1102;31.12.2012;2060;1078;1.908;152;272;319;196;316;317;640;1145
08335043;Konstanz;110;Litzelstetten;1103;31.12.2012;34;14;14;20;3;11;6;4;8;2;23
08335043;Konstanz;120;Dingelsdorf;1201;31.12.2012;1787;911;1.693;94;287;318;156;279;289;458;935
08335043;Konstanz;120;Dingelsdorf;1202;31.12.2012;334;154;304;30;54;53;31;51;65;80;167
08335043;Konstanz;130;Dettingen;1301;31.12.2012;1293;676;1.216;77;209;175;119;172;192;426;625
08335043;Konstanz;130;Dettingen;1302;31.12.2012;1768;915;1.680;88;294;277;166;285;257;489;866
08335043;Konstanz;140;Wallhausen;1401;31.12.2012;1123;609;1.028;95;158;213;108;163;164;317;689
8335043;Konstanz;010;Altstadt;0101;bbb;1236;611;1.007;229;125;375;236;207;106;187;845
8335043;Konstanz;010;Altstadt;0102;31.12.2011;1706;835;1.413;293;218;434;292;253;208;301;1056
8335043;Konstanz;010;Altstadt;0103;31.12.2011;2887;1553;2.545;342;451;581;475;456;323;601;1727
8335043;Konstanz;010;Altstadt;0104;31.12.2011;2114;1170;1.951;163;306;425;289;325;241;528;1239
8335043;Konstanz;010;Altstadt;0105;31.12.2011;1300;696;1.170;130;191;345;231;222;129;182;813
8335043;Konstanz;010;Altstadt;0106;31.12.2011;1203;610;1.033;170;101;386;218;163;128;207;841
8335043;Konstanz;010;Altstadt;0107;31.12.2011;1420;746;1.187;233;140;379;252;200;145;304;991
8335043;Konstanz;020;Paradies;0201;31.12.2011;2816;1535;2.560;256;397;492;369;463;330;765;1669
8335043;Konstanz;020;Paradies;0202;31.12.2011;1515;873;1.367;148;197;242;195;208;162;511;919
8335043;Konstanz;020;Paradies;0203;31.12.2011;885;367;571;314;5;840;31;7;1;1;574
8335043;Konstanz;020;Paradies;0204;31.12.2011;592;300;575;17;112;101;75;115;70;119;303
8335043;Konstanz;030;Petershausen-West;0301;31.12.2011;986;523;787;199;143;263;137;135;108;200;581
8335043;Konstanz;030;Petershausen-West;0302;31.12.2011;1534;778;1.104;430;256;414;180;216;179;289;785
8335043;Konstanz;030;Petershausen-West;0303;31.12.2011;4673;2433;3.928;745;570;1629;626;630;447;771;2824
8335043;Konstanz;030;Petershausen-West;0304;31.12.2011;2917;1437;2.296;621;293;937;358;382;330;617;1854
8335043;Konstanz;030;Petershausen-West;0305;31.12.2011;1695;918;1.527;168;268;366;177;267;220;397;960
8335043;Konstanz;030;Petershausen-West;0306;31.12.2011;1631;814;1.399;232;180;518;187;240;205;301;989
8335043;Konstanz;035;Petershausen-Ost;0351;31.12.2011;1918;1106;1.699;219;255;476;221;246;202;518;1160
8335043;Konstanz;035;Petershausen-Ost;0352;31.12.2011;1260;718;1.189;71;177;184;136;169;175;419;713
8335043;Konstanz;035;Petershausen-Ost;0353;31.12.2011;1240;652;1.141;99;171;181;112;220;160;396;753
8335043;Konstanz;035;Petershausen-Ost;0354;31.12.2011;1090;649;1.042;48;134;59;73;127;95;602;618
8335043;Konstanz;035;Petershausen-Ost;0355;31.12.2011;1320;687;1.242;78;208;262;125;197;165;363;699
8335043;Konstanz;040;Königsbau;0401;31.12.2011;1156;641;1.057;99;141;323;90;168;132;302;685
8335043;Konstanz;040;Königsbau;0402;31.12.2011;1535;826;1.239;296;371;268;169;225;198;304;694
8335043;Konstanz;040;Königsbau;0403;31.12.2011;1972;956;1.476;496;211;952;187;153;151;318;1085
8335043;Konstanz;040;Königsbau;0404;31.12.2011;873;460;806;67;146;169;100;124;120;214;465
8335043;Konstanz;505;Allmannsdorf;0501;31.12.2011;1659;886;1.574;85;273;248;136;266;187;549;876
8335043;Konstanz;050;Allmannsdorf;0502;31.12.2011;1348;722;1.219;129;206;275;117;209;182;359;736
8335043;Konstanz;050;Allmannsdorf;0503;31.12.2011;2267;1186;2.070;197;311;575;195;338;298;550;1338
8335043;Konstanz;060;Staad;0601;31.12.2011;985;522;928;57;117;117;99;158;122;372;582
8335043;Konstanz;060;Staad;0602;31.12.2011;725;379;678;47;93;100;81;114;92;245;404
8335043;Konstanz;070;Fürstenberg;0701;31.12.2011;4027;2118;3.406;621;615;1068;448;606;473;817;2247
8335043;Konstanz;070;Fürstenberg;0702;31.12.2011;3028;1548;2.752;276;342;664;314;412;394;902;1763
8335043;Konstanz;070;Fürstenberg;0703;31.12.2011;2060;1078;1.863;197;317;384;195;289;243;632;1083
8335043;Konstanz;070;Fürstenberg;0704;31.12.2011;2565;1312;2.069;496;338;648;312;315;337;615;1487
8335043;Konstanz;080;Wollmatingen;0801;31.12.2011;2564;1350;2.146;418;505;470;306;422;321;540;1243
8335043;Konstanz;080;Wollmatingen;0802;31.12.2011;1862;938;1.685;177;433;272;229;366;208;354;871
8335043;Konstanz;080;Wollmatingen;0803;31.12.2011;1806;943;1.667;139;346;304;206;346;203;401;912
8335043;Konstanz;090;Industriegebiet;0901;31.12.2011;770;352;574;196;123;158;108;154;100;127;403
8335043;Konstanz;090;Industriegebiet;0902;31.12.2011;121;54;95;26;18;23;20;29;16;15;71
8335043;Konstanz;090;Industriegebiet;0903;31.12.2011;42;17;37;5;2;5;4;7;11;13;32
8335043;Konstanz;100;Egg;1001;31.12.2011;699;336;676;23;144;136;78;133;94;114;319
8335043;Konstanz;100;Egg;1002;31.12.2011;;;;;;;;;;;
8335043;Konstanz;110;Litzelstetten;1101;31.12.2011;1739;904;1.629;110;273;241;176;302;194;553;923
8335043;Konstanz;110;Litzelstetten;1102;31.12.2011;2034;1076;1.908;126;279;321;183;329;292;630;1127
8335043;Konstanz;110;Litzelstetten;1103;31.12.2011;37;16;16;21;4;12;6;7;7;1;27
8335043;Konstanz;120;Dingelsdorf;1201;31.12.2011;1773;905;1.694;79;287;311;157;311;270;437;915
8335043;Konstanz;120;Dingelsdorf;1202;31.12.2011;330;159;316;14;54;55;29;51;59;82;158
8335043;Konstanz;130;Dettingen;1301;31.12.2011;1300;665;1.224;76;217;165;117;189;191;421;629
8335043;Konstanz;130;Dettingen;1302;31.12.2011;1755;911;1.666;89;299;244;180;283;259;490;839
8335043;Konstanz;140;Wallhausen;1401;31.12.2011;1130;609;1.026;104;157;209;120;170;160;314;684
8335043;Konstanz;010;Altstadt;0101;31.12.2010;1250;612;1.012;238;137;377;237;208;98;193;842
8335043;Konstanz;010;Altstadt;0102;31.12.2010;1654;820;1.371;283;204;426;281;251;204;288;1001
8335043;Konstanz;010;Altstadt;0103;31.12.2010;2877;1547;2.549;328;458;571;446;470;330;602;1680
8335043;Konstanz;010;Altstadt;0104;31.12.2010;2109;1157;1.936;173;302;455;283;318;229;522;1222
8335043;Konstanz;010;Altstadt;0105;31.12.2010;1309;698;1.198;111;200;352;215;240;122;180;796
8335043;Konstanz;010;Altstadt;0106;31.12.2010;1198;613;1.041;157;101;399;192;183;120;203;807
8335043;Konstanz;010;Altstadt;0107;31.12.2010;1365;723;1.184;181;131;360;237;207;146;284;919
8335043;Konstanz;020;Paradies;0201;31.12.2010;2839;1530;2.578;261;400;498;372;492;307;770;1650
8335043;Konstanz;020;Paradies;0202;31.12.2010;1533;875;1.379;154;204;244;205;212;157;511;911
8335043;Konstanz;020;Paradies;0203;31.12.2010;1059;405;726;333;4;1013;34;6;2;0;678
8335043;Konstanz;020;Paradies;0204;31.12.2010;586;295;565;21;110;99;78;115;66;118;305
8335043;Konstanz;030;Petershausen-West;0301;31.12.2010;1009;544;798;211;159;262;135;137;113;203;568
8335043;Konstanz;030;Petershausen-West;0302;31.12.2010;1519;749;1.068;451;262;401;168;232;170;286;756
8335043;Konstanz;030;Petershausen-West;0303;31.12.2010;4481;2317;3.756;725;557;1557;601;605;405;756;2648
8335043;Konstanz;030;Petershausen-West;0304;31.12.2010;2903;1453;2.313;590;291;928;355;393;326;610;1831
8335043;Konstanz;030;Petershausen-West;0305;31.12.2010;1654;896;1.502;152;259;350;163;266;209;407;901
8335043;Konstanz;030;Petershausen-West;0306;31.12.2010;1642;830;1.409;233;187;494;212;247;208;294;973
8335043;Konstanz;035;Petershausen-Ost;0351;31.12.2010;1903;1103;1.688;215;263;456;213;246;212;513;1104
8335043;Konstanz;035;Petershausen-Ost;0352;31.12.2010;1257;715;1.179;78;171;191;136;183;160;416;693
8335043;Konstanz;035;Petershausen-Ost;0353;31.12.2010;1251;658;1.156;95;175;177;130;211;166;392;725
8335043;Konstanz;035;Petershausen-Ost;0354;31.12.2010;1012;617;972;40;112;57;62;116;76;589;564
8335043;Konstanz;035;Petershausen-Ost;0355;31.12.2010;1320;679;1.232;88;213;246;127;206;156;372;682
8335043;Konstanz;040;Königsbau;0401;31.12.2010;1133;619;1.047;86;145;298;96;168;121;305;645
8335043;Konstanz;040;Königsbau;0402;31.12.2010;1546;826;1.243;303;384;272;168;231;186;305;683
8335043;Konstanz;040;Königsbau;0403;31.12.2010;1672;872;1.221;451;206;683;163;153;157;310;893
8335043;Konstanz;040;Königsbau;0404;31.12.2010;871;459;806;65;153;169;94;133;110;212;463
8335043;Konstanz;505;Allmannsdorf;0501;31.12.2010;1656;887;1.573;83;268;247;133;278;177;553;862
8335043;Konstanz;050;Allmannsdorf;0502;31.12.2010;1383;744;1.238;145;227;272;128;220;173;363;719
8335043;Konstanz;050;Allmannsdorf;0503;31.12.2010;2229;1178;2.060;169;313;551;203;333;286;543;1258
8335043;Konstanz;060;Staad;0601;31.12.2010;1012;529;951;61;122;121;108;158;121;382;573
8335043;Konstanz;060;Staad;0602;31.12.2010;735;381;679;56;102;106;79;103;95;250;394
8335043;Konstanz;070;Fürstenberg;0701;31.12.2010;4024;2112;3.425;599;634;1050;458;641;443;798;2196
8335043;Konstanz;070;Fürstenberg;0702;31.12.2010;2984;1536;2.718;266;335;655;304;415;386;889;1684
8335043;Konstanz;070;Fürstenberg;0703;31.12.2010;2038;1082;1.843;195;307;371;191;300;232;637;1059
8335043;Konstanz;070;Fürstenberg;0704;31.12.2010;2565;1311;2.049;516;322;620;324;342;329;628;1470
8335043;Konstanz;080;Wollmatingen;0801;31.12.2010;2544;1325;2.125;419;517;451;305;420;323;528;1221
8335043;Konstanz;080;Wollmatingen;0802;31.12.2010;1818;920;1.645;173;425;261;232;368;191;341;834
8335043;Konstanz;080;Wollmatingen;0803;31.12.2010;1775;918;1.645;130;331;296;221;353;176;398;892
8335043;Konstanz;090;Industriegebiet;0901;31.12.2010;744;360;560;184;130;157;95;150;90;122;385
8335043;Konstanz;090;Industriegebiet;0902;31.12.2010;129;55;98;31;15;29;22;30;18;15;78
8335043;Konstanz;090;Industriegebiet;0903;31.12.2010;35;12;32;3;0;4;4;5;10;12;27
8335043;Konstanz;100;Egg;1001;31.12.2010;646;311;625;21;131;125;69;118;95;108;293
8335043;Konstanz;100;Egg;1002;31.12.2010;;;;;;;;;;;
8335043;Konstanz;110;Litzelstetten;1101;31.12.2010;1736;908;1.636;100;268;259;173;296;198;542;882
8335043;Konstanz;110;Litzelstetten;1102;31.12.2010;2083;1111;1.960;123;302;338;186;361;282;614;1107
8335043;Konstanz;110;Litzelstetten;1103;31.12.2010;35;13;14;21;4;10;5;9;5;2;25
8335043;Konstanz;120;Dingelsdorf;1201;31.12.2010;1766;913;1.684;82;291;291;164;315;274;431;847
8335043;Konstanz;120;Dingelsdorf;1202;31.12.2010;316;156;303;13;50;45;29;50;57;85;146
8335043;Konstanz;130;Dettingen;1301;31.12.2010;1264;651;1.199;65;200;176;107;182;181;418;608
8335043;Konstanz;130;Dettingen;1302;31.12.2010;1805;948;1.720;85;309;269;178;297;276;476;850
8335043;Konstanz;140;Wallhausen;1401;31.12.2010;1116;600;1.010;106;167;181;129;183;146;310;613